latitud,longitud,tipo_bosque,especie,altura,DAP,m_st,biomasa,densidad,temperatura,precipitacion
3.65,113.7,TropRF,Alstonia sp.,3.48,0.03,1.34381,1.55501,380.0,26.99595832824707,3298.0
4.233333333,114.0666667,TropRF,Dillenia suffruticosa,4.8,0.0304,1.23518,1.46976,450.0,26.916915893554688,3104.0
4.233333333,114.0666667,TropRF,Endospermum diadenum,7.3,0.0465,2.78282,3.04998,340.0,26.916915893554688,3104.0
3.65,113.7,TropRF,Endospermum diadenum,2.18,0.02,0.14646,0.19533,340.0,26.99595832824707,3298.0
3.65,113.7,TropRF,Endospermum diadenum,2.85,0.0133,0.11448,0.14294,340.0,26.99595832824707,3298.0
3.65,113.7,TropRF,Endospermum diadenum,1.49,0.0068,0.03862,0.05478,340.0,26.99595832824707,3298.0
3.65,113.7,TropRF,Endospermum diadenum,1.72,0.0053,0.0165,0.02085,340.0,26.99595832824707,3298.0
3.65,113.7,TropRF,Glochidion sp.,11.6,0.1306,50.6171,53.94994,450.0,26.99595832824707,3298.0
3.65,113.7,TropRF,Glochidion sp.,9.0,0.0955,20.6902,22.68266,450.0,26.99595832824707,3298.0
3.65,113.7,TropRF,Glochidion sp.,8.6,0.0573,7.92245,8.47309,450.0,26.99595832824707,3298.0
3.65,113.7,TropRF,Glochidion sp.,8.0,0.0381,3.49939,3.57909,450.0,26.99595832824707,3298.0
3.65,113.7,TropRF,Glochidion sp.,4.8,0.0318,1.38814,1.39901,450.0,26.99595832824707,3298.0
3.65,113.7,TropRF,Glochidion sp.,4.2,0.0278,1.29842,1.72227,450.0,26.99595832824707,3298.0
3.65,113.7,TropRF,Glochidion sp.,5.4,0.0242,1.16646,1.28601,450.0,26.99595832824707,3298.0
3.65,113.7,TropRF,Glochidion sp.,2.3,0.0205,0.31141,0.37662,450.0,26.99595832824707,3298.0
3.65,113.7,TropRF,Glochidion sp.,3.5,0.0191,0.41169,0.57471,450.0,26.99595832824707,3298.0
3.65,113.7,TropRF,Glochidion sp.,3.0,0.0147,0.35363,0.43333,450.0,26.99595832824707,3298.0
4.233333333,114.0666667,TropRF,Macaranga bancana,13.7,0.1282,40.83417,43.04967,310.0,26.916915893554688,3104.0
4.233333333,114.0666667,TropRF,Macaranga bancana,7.2,0.0508,3.36867,4.3461,310.0,26.916915893554688,3104.0
4.233333333,114.0666667,TropRF,Macaranga bancana,5.2,0.0347,1.04966,1.1474,310.0,26.916915893554688,3104.0
4.233333333,114.0666667,TropRF,Macaranga bancana,5.47,0.0307,0.7665,0.81211,310.0,26.916915893554688,3104.0
4.233333333,114.0666667,TropRF,Macaranga bancana,3.25,0.0237,0.25826,0.32016,310.0,26.916915893554688,3104.0
4.233333333,114.0666667,TropRF,Macaranga bancana,2.34,0.0175,0.06204,0.09082,310.0,26.916915893554688,3104.0
4.233333333,114.0666667,TropRF,Macaranga bancana,1.78,0.0158,0.04997,0.09137,310.0,26.916915893554688,3104.0
4.233333333,114.0666667,TropRF,Macaranga bancana,1.94,0.0158,0.04141,0.07495,310.0,26.916915893554688,3104.0
4.233333333,114.0666667,TropRF,Macaranga bancana,2.33,0.0155,0.05199,0.07384,310.0,26.916915893554688,3104.0
4.233333333,114.0666667,TropRF,Macaranga bancana,2.96,0.013,0.10252,0.12207,310.0,26.916915893554688,3104.0
4.233333333,114.0666667,TropRF,Macaranga bancana,1.39,0.013,0.02708,0.04843,310.0,26.916915893554688,3104.0
4.233333333,114.0666667,TropRF,Macaranga bancana,1.38,0.0116,0.0204,0.03938,310.0,26.916915893554688,3104.0
4.233333333,114.0666667,TropRF,Macaranga bancana,1.47,0.0082,0.01086,0.01426,310.0,26.916915893554688,3104.0
4.233333333,114.0666667,TropRF,Macaranga beccariana,13.85,0.103,20.28527,21.45818,290.0,26.916915893554688,3104.0
4.233333333,114.0666667,TropRF,Macaranga beccariana,8.5,0.0591,4.24746,4.89908,290.0,26.916915893554688,3104.0
4.233333333,114.0666667,TropRF,Macaranga beccariana,7.5,0.0446,1.7771,2.13549,290.0,26.916915893554688,3104.0
4.233333333,114.0666667,TropRF,Macaranga beccariana,5.2,0.0307,1.70875,1.97591,290.0,26.916915893554688,3104.0
4.233333333,114.0666667,TropRF,Macaranga beccariana,1.7,0.01,0.0415,0.06431,290.0,26.916915893554688,3104.0
3.65,113.7,TropRF,Macaranga gigantea,20.9,0.2866,304.01931,314.27141,290.0,26.99595832824707,3298.0
4.233333333,114.0666667,TropRF,Macaranga gigantea,17.0,0.2043,107.33373,118.19947,290.0,26.916915893554688,3104.0
3.65,113.7,TropRF,Macaranga gigantea,21.4,0.2325,178.92803,183.63747,290.0,26.99595832824707,3298.0
3.65,113.7,TropRF,Macaranga gigantea,22.0,0.2197,170.21914,175.29085,290.0,26.99595832824707,3298.0
3.65,113.7,TropRF,Macaranga gigantea,18.6,0.1815,93.68651,97.01935,290.0,26.99595832824707,3298.0
3.65,113.7,TropRF,Macaranga gigantea,12.4,0.121,34.09661,37.5019,290.0,26.99595832824707,3298.0
3.65,113.7,TropRF,Macaranga gigantea,8.7,0.1051,17.8928,19.95771,290.0,26.99595832824707,3298.0
3.65,113.7,TropRF,Macaranga gigantea,10.6,0.0955,15.0954,16.21842,290.0,26.99595832824707,3298.0
3.65,113.7,TropRF,Macaranga gigantea,10.0,0.0732,10.02841,10.4269,290.0,26.99595832824707,3298.0
4.233333333,114.0666667,TropRF,Macaranga gigantea,7.7,0.0596,7.71377,8.49245,290.0,26.916915893554688,3104.0
4.233333333,114.0666667,TropRF,Macaranga gigantea,8.0,0.0593,6.95704,7.73898,290.0,26.916915893554688,3104.0
3.65,113.7,TropRF,Macaranga gigantea,6.8,0.0637,4.01137,4.40986,290.0,26.99595832824707,3298.0
4.233333333,114.0666667,TropRF,Macaranga gigantea,5.45,0.0462,3.12457,3.77619,290.0,26.916915893554688,3104.0
4.233333333,114.0666667,TropRF,Macaranga gigantea,4.4,0.043,1.78198,2.11431,290.0,26.916915893554688,3104.0
4.233333333,114.0666667,TropRF,Macaranga gigantea,5.04,0.0403,1.65993,1.90429,290.0,26.916915893554688,3104.0
3.65,113.7,TropRF,Macaranga gigantea,4.3,0.035,1.21397,1.46756,290.0,26.99595832824707,3298.0
4.233333333,114.0666667,TropRF,Macaranga gigantea,4.87,0.0323,1.39141,1.7107,290.0,26.916915893554688,3104.0
4.233333333,114.0666667,TropRF,Macaranga gigantea,2.35,0.0194,0.23922,0.30764,290.0,26.916915893554688,3104.0
4.233333333,114.0666667,TropRF,Macaranga gigantea,2.2,0.0178,0.23922,0.28809,290.0,26.916915893554688,3104.0
4.233333333,114.0666667,TropRF,Macaranga gigantea,1.57,0.0167,0.20505,0.35818,290.0,26.916915893554688,3104.0
4.233333333,114.0666667,TropRF,Macaranga gigantea,2.4,0.013,0.13182,0.17418,290.0,26.916915893554688,3104.0
4.233333333,114.0666667,TropRF,Macaranga gigantea,1.82,0.0087,0.07323,0.10907,290.0,26.916915893554688,3104.0
4.233333333,114.0666667,TropRF,Macaranga gigantea,1.64,0.0082,0.02441,0.05699,290.0,26.916915893554688,3104.0
3.65,113.7,TropRF,Macaranga hosei,23.0,0.2325,174.17773,180.6985,390.0,26.99595832824707,3298.0
3.65,113.7,TropRF,Macaranga hosei,22.0,0.2134,160.34907,165.78304,390.0,26.99595832824707,3298.0
3.65,113.7,TropRF,Macaranga hosei,22.0,0.1911,110.73481,113.37934,390.0,26.99595832824707,3298.0
3.65,113.7,TropRF,Macaranga hosei,21.9,0.1592,85.98046,88.7699,390.0,26.99595832824707,3298.0
3.65,113.7,TropRF,Macaranga hosei,13.2,0.1083,24.38488,25.65281,390.0,26.99595832824707,3298.0
3.65,113.7,TropRF,Macaranga hosei,13.3,0.1019,21.5347,22.69395,390.0,26.99595832824707,3298.0
3.65,113.7,TropRF,Macaranga hosei,19.1,0.1019,32.30205,33.17149,390.0,26.99595832824707,3298.0
3.65,113.7,TropRF,Macaranga hosei,11.8,0.0796,11.87575,12.12934,390.0,26.99595832824707,3298.0
3.65,113.7,TropRF,Macaranga hosei,13.3,0.0764,9.28948,9.50684,390.0,26.99595832824707,3298.0
3.65,113.7,TropRF,Macaranga hosei,9.1,0.0605,4.53918,4.64786,390.0,26.99595832824707,3298.0
3.65,113.7,TropRF,Macaranga hosei,9.5,0.0573,5.85871,5.96739,390.0,26.99595832824707,3298.0
3.65,113.7,TropRF,Macaranga hypoleuca,11.2,0.0955,14.93706,16.34989,310.0,26.99595832824707,3298.0
3.65,113.7,TropRF,Macaranga hypoleuca,10.4,0.0796,11.98132,13.21302,310.0,26.99595832824707,3298.0
3.65,113.7,TropRF,Macaranga hypoleuca,11.0,0.0701,8.55054,9.20262,310.0,26.99595832824707,3298.0
3.65,113.7,TropRF,Macaranga hypoleuca,3.6,0.0215,0.40747,0.51253,310.0,26.99595832824707,3298.0
4.233333333,114.0666667,TropRF,Macaranga hosei,3.26,0.017,0.20261,0.2303,290.0,26.916915893554688,3104.0
4.233333333,114.0666667,TropRF,Macaranga trachyphylla,7.3,0.0446,4.78449,5.05817,390.0,26.916915893554688,3104.0
4.233333333,114.0666667,TropRF,Macaranga trachyphylla,6.57,0.0334,1.07407,1.11317,390.0,26.916915893554688,3104.0
4.233333333,114.0666667,TropRF,Macaranga winkleri,6.26,0.0451,1.53299,1.80993,390.0,26.916915893554688,3104.0
3.65,113.7,TropRF,Macaranga winkleri,3.83,0.0245,1.46431,1.67345,390.0,26.99595832824707,3298.0
3.65,113.7,TropRF,Mallotus sp.,2.62,0.022,0.44125,0.50827,530.0,26.99595832824707,3298.0
3.65,113.7,TropRF,Mallotus sp.,3.85,0.018,0.32144,0.36636,530.0,26.99595832824707,3298.0
3.65,113.7,TropRF,Mallotus sp.,2.43,0.011,0.10609,0.13181,530.0,26.99595832824707,3298.0
3.65,113.7,TropRF,Mallotus sp.,1.52,0.0035,0.01689,0.01816,530.0,26.99595832824707,3298.0
3.65,113.7,TropRF,Artocarpus elasticus,3.2,0.037,1.9339,2.20669,300.0,26.99595832824707,3298.0
4.233333333,114.0666667,TropRF,Artocarpus sp.,5.65,0.0371,2.94881,3.35607,430.0,26.916915893554688,3104.0
4.233333333,114.0666667,TropRF,Artocarpus sp.,2.55,0.0167,0.1904,0.23927,430.0,26.916915893554688,3104.0
3.65,113.7,TropRF,Ficus stolonifera,10.7,0.1083,44.96952,46.81707,390.0,26.99595832824707,3298.0
3.65,113.7,TropRF,Ficus stolonifera,10.0,0.0924,28.39625,30.33074,390.0,26.99595832824707,3298.0
3.65,113.7,TropRF,Ficus stolonifera,10.0,0.0637,12.24522,12.8973,390.0,26.99595832824707,3298.0
4.233333333,114.0666667,TropRF,Ficus stolonifera,7.3,0.0446,4.78449,5.05817,390.0,26.916915893554688,3104.0
3.65,113.7,TropRF,Ficus stolonifera,8.0,0.0316,2.59155,2.67125,390.0,26.99595832824707,3298.0
3.65,113.7,TropRF,Ficus stolonifera,5.4,0.0246,0.89728,0.93749,390.0,26.99595832824707,3298.0
3.65,113.7,TropRF,Ficus stolonifera,5.6,0.0218,0.95534,1.00642,390.0,26.99595832824707,3298.0
3.65,113.7,TropRF,Ficus stolonifera,3.6,0.0217,0.52781,0.59121,390.0,26.99595832824707,3298.0
3.65,113.7,TropRF,Ficus stolonifera,3.5,0.0173,0.31405,0.33035,390.0,26.99595832824707,3298.0
3.65,113.7,TropRF,Ficus stolonifera,2.8,0.0128,0.13723,0.1644,390.0,26.99595832824707,3298.0
3.65,113.7,TropRF,Ficus stolonifera,1.9,0.0092,0.03906,0.04123,390.0,26.99595832824707,3298.0
3.65,113.7,TropRF,Ficus sp 1.,4.65,0.027,1.58132,1.68855,390.0,26.99595832824707,3298.0
3.65,113.7,TropRF,Ficus sp 1.,3.66,0.018,0.45075,0.55689,390.0,26.99595832824707,3298.0
3.65,113.7,TropRF,Ficus sp 1.,3.2,0.017,0.41117,0.48797,390.0,26.99595832824707,3298.0
4.233333333,114.0666667,TropRF,Ficus sp 2,5.65,0.0371,2.94881,3.35607,390.0,26.916915893554688,3104.0
4.233333333,114.0666667,TropRF,Macaranga bancana,3.52,0.0178,0.2583,0.3202,310.0,26.916915893554688,3104.0
4.233333333,114.0666667,TropRF,Macaranga bancana,8.15,0.0854,15.3364,16.4803,310.0,26.916915893554688,3104.0
4.233333333,114.0666667,TropRF,Macaranga bancana,5.6,0.0385,1.1753,1.3303,310.0,26.916915893554688,3104.0
4.233333333,114.0666667,TropRF,Macaranga winkleri,8.9,0.0513,2.7554,2.9864,390.0,26.916915893554688,3104.0
4.233333333,114.0666667,TropRF,Macaranga trachyphylla,4.26,0.0248,0.5126,0.581,390.0,26.916915893554688,3104.0
1.05,110.9166667,TropRF,Santiria apiculata,30.0,0.246,281.68,295.1,660.0,26.002239227294922,3387.0
1.05,110.9166667,TropRF,Kokoona ovatolanceolata,1.8,0.013,0.35,0.42,350.0,26.002239227294922,3387.0
1.05,110.9166667,TropRF,Garcinia penangiana,1.5,0.01,0.06,0.14,660.0,26.002239227294922,3387.0
0.916666667,110.7166667,TropRF,Dryobalanops beccarii,1.8,0.012,0.08,0.16,560.0,26.453052520751953,3291.0
0.916666667,110.7166667,TropRF,Shorea andulensis,25.0,0.183,117.71,120.4,510.0,26.453052520751953,3291.0
0.916666667,110.7166667,TropRF,Shorea stenoptera,2.8,0.023,0.49,0.8,270.0,26.453052520751953,3291.0
0.916666667,110.7166667,TropRF,Shorea parvifolia,2.5,0.014,0.21,0.33,210.0,26.453052520751953,3291.0
0.916666667,110.7166667,TropRF,Shorea parvifolia,30.0,0.278,256.7,262.62,210.0,26.453052520751953,3291.0
1.05,110.9166667,TropRF,Macaranga costulata,15.0,0.095,21.03,21.18,300.0,26.002239227294922,3387.0
1.05,110.9166667,TropRF,Macaranga trachyphylla,13.0,0.12,31.2,33.67,300.0,26.002239227294922,3387.0
0.916666667,110.7166667,TropRF,Endospermum diadenum,35.0,0.293,221.91,237.81,340.0,26.453052520751953,3291.0
1.05,110.9166667,TropRF,Litsea castanea,25.0,0.203,103.48,114.66,510.0,26.002239227294922,3387.0
0.916666667,110.7166667,TropRF,Litsea cauliflora,30.0,0.273,355.03,372.52,450.0,26.453052520751953,3291.0
1.05,110.9166667,TropRF,Aglaia odoratissima,6.0,0.052,5.68,5.83,660.0,26.002239227294922,3387.0
1.05,110.9166667,TropRF,Aglaia grandis,9.0,0.064,8.8,9.44,660.0,26.002239227294922,3387.0
1.05,110.9166667,TropRF,Walsura pinnata,12.0,0.103,31.93,35.98,620.0,26.002239227294922,3387.0
1.05,110.9166667,TropRF,Xylocarpus sp.,40.0,0.441,1035.74,1087.54,760.0,26.002239227294922,3387.0
0.916666667,110.7166667,TropRF,Ficus sp.,4.1,0.022,1.0,1.4,390.0,26.453052520751953,3291.0
1.05,110.9166667,TropRF,Endocomia rufirachis,3.5,0.035,2.84,3.37,340.0,26.002239227294922,3387.0
0.916666667,110.7166667,TropRF,Xanthophyllum stipitatum,35.0,0.309,426.34,442.61,720.0,26.453052520751953,3291.0
1.05,110.9166667,TropRF,Adina sp.,20.0,0.163,104.21,114.97,900.0,26.002239227294922,3387.0
1.05,110.9166667,TropRF,Arytera littoralis,3.5,0.031,0.26,0.3,700.0,26.002239227294922,3387.0
1.05,110.9166667,TropRF,Adinandra dumosa,15.0,0.116,40.14,41.71,610.0,26.002239227294922,3387.0
1.05,110.9166667,TropRF,Adinandra dumosa,16.0,0.147,74.06,77.34,610.0,26.002239227294922,3387.0
0.916666667,110.7166667,TropRF,Trema sp.,8.5,0.043,7.8,9.0,320.0,26.453052520751953,3291.0
0.916666667,110.7166667,TropRF,Trema sp.,9.8,0.09,15.0,16.8,320.0,26.453052520751953,3291.0
35.0,-83.0,TempF,Acer rubrum,10.32,0.063,10.594,11.00385344,651.3528633,15.150447845458984,1523.0
35.0,-83.0,TempF,Acer rubrum,13.85,0.104,33.308,34.96011988,535.3757194,15.150447845458984,1523.0
35.0,-83.0,TempF,Acer rubrum,16.5,0.129,66.989,69.48060641,533.8389813,15.150447845458984,1523.0
35.0,-83.0,TempF,Acer rubrum,17.88,0.134,63.066,65.6355826,541.4008659,15.150447845458984,1523.0
35.0,-83.0,TempF,Acer rubrum,18.8,0.146,79.758,83.11350565,564.7269642,15.150447845458984,1523.0
35.0,-83.0,TempF,Acer rubrum,14.52,0.151,84.216,86.94541797,523.4269284,15.150447845458984,1523.0
35.0,-83.0,TempF,Acer rubrum,19.6,0.21,184.411,193.170265,541.8189132,15.150447845458984,1523.0
35.0,-83.0,TempF,Acer rubrum,26.34,0.265,417.576,425.3949114,491.2127244,15.150447845458984,1523.0
35.0,-83.0,TempF,Acer rubrum,27.0,0.369,926.978,948.0843638,472.8912678,15.150447845458984,1523.0
35.0,-83.0,TempF,Acer rubrum,33.55,0.451,1640.897,1653.644501,496.276539,15.150447845458984,1523.0
35.0,-83.0,TempF,Acer rubrum,29.0,0.524,2364.587,2386.940395,498.9878441,15.150447845458984,1523.0
35.0,-83.0,TempF,Betula lenta,13.3,0.078,14.778,14.97422543,481.4933587,15.150447845458984,1523.0
35.0,-83.0,TempF,Betula lenta,16.95,0.116,56.344,56.88753732,555.1369349,15.150447845458984,1523.0
35.0,-83.0,TempF,Betula lenta,19.9,0.13,57.089,57.90132649,513.0518231,15.150447845458984,1523.0
35.0,-83.0,TempF,Betula lenta,18.79,0.158,80.039,80.68820102,497.6227581,15.150447845458984,1523.0
35.0,-83.0,TempF,Betula lenta,23.22,0.18,183.662,185.6398179,546.3588738,15.150447845458984,1523.0
35.0,-83.0,TempF,Betula lenta,21.7,0.221,211.102,214.3995542,545.4350445,15.150447845458984,1523.0
35.0,-83.0,TempF,Betula lenta,25.71,0.292,562.122,566.6502421,552.4415698,15.150447845458984,1523.0
35.0,-83.0,TempF,Betula lenta,27.0,0.319,740.729,747.3128895,458.0880623,15.150447845458984,1523.0
35.0,-83.0,TempF,Betula lenta,23.9,0.362,863.84,873.2889107,372.9995025,15.150447845458984,1523.0
35.0,-83.0,TempF,Betula lenta,28.2,0.396,1501.431,1520.024644,558.8990687,15.150447845458984,1523.0
35.0,-83.0,TempF,Carya ovata,9.7,0.082,16.032,16.78788582,592.1592971,15.150447845458984,1523.0
35.0,-83.0,TempF,Carya ovata,14.65,0.127,47.444,48.98947132,584.479472,15.150447845458984,1523.0
35.0,-83.0,TempF,Carya ovata,18.6,0.159,82.255,82.90592918,549.0063601,15.150447845458984,1523.0
35.0,-83.0,TempF,Carya ovata,23.6,0.198,195.215,196.7926211,543.6966841,15.150447845458984,1523.0
35.0,-83.0,TempF,Carya ovata,24.2,0.211,214.82,216.7759881,602.7754578,15.150447845458984,1523.0
35.0,-83.0,TempF,Carya ovata,21.23,0.233,323.779,327.8891335,680.4059971,15.150447845458984,1523.0
35.0,-83.0,TempF,Carya ovata,29.51,0.327,694.59,703.8391486,519.0808312,15.150447845458984,1523.0
35.0,-83.0,TempF,Carya ovata,31.61,0.389,1113.22,1145.104436,688.487485,15.150447845458984,1523.0
35.0,-83.0,TempF,Carya ovata,26.6,0.466,1782.417,1812.946517,585.4017131,15.150447845458984,1523.0
35.0,-83.0,TempF,Carya ovata,28.9,0.523,2685.706,2709.714119,574.7154467,15.150447845458984,1523.0
35.0,-83.0,TempF,Cornus florida,5.55,0.0382,1.769,1.88803574,537.7156903,15.150447845458984,1523.0
35.0,-83.0,TempF,Cornus florida,7.0,0.068,8.682,9.260290689,517.1677733,15.150447845458984,1523.0
35.0,-83.0,TempF,Cornus florida,10.0,0.102,25.985,26.73682133,481.6742725,15.150447845458984,1523.0
35.0,-83.0,TempF,Liriodendron tulipifera,14.1,0.102,26.46,27.21328671,351.2432934,15.150447845458984,1523.0
35.0,-83.0,TempF,Liriodendron tulipifera,18.3,0.17,84.015,86.3311763,388.4150869,15.150447845458984,1523.0
35.0,-83.0,TempF,Liriodendron tulipifera,23.15,0.201,145.798,147.097328,443.5771088,15.150447845458984,1523.0
35.0,-83.0,TempF,Liriodendron tulipifera,30.4,0.262,328.95,332.7489808,355.2937206,15.150447845458984,1523.0
35.0,-83.0,TempF,Liriodendron tulipifera,29.13,0.292,499.257,505.3947987,406.9184206,15.150447845458984,1523.0
35.0,-83.0,TempF,Liriodendron tulipifera,30.11,0.303,537.607,540.9079506,380.7110562,15.150447845458984,1523.0
35.0,-83.0,TempF,Liriodendron tulipifera,30.55,0.344,662.64,673.2111811,316.1541351,15.150447845458984,1523.0
35.0,-83.0,TempF,Liriodendron tulipifera,34.34,0.41,875.962,892.436467,350.6251982,15.150447845458984,1523.0
35.0,-83.0,TempF,Liriodendron tulipifera,34.95,0.474,1444.522,1456.053886,322.1685722,15.150447845458984,1523.0
35.0,-83.0,TempF,Liriodendron tulipifera,39.69,0.558,2239.675,2256.334134,385.0302013,15.150447845458984,1523.0
35.0,-83.0,TempF,Oxydendrum arboreum,5.1,0.043,1.91,2.106540582,380.2483768,15.150447845458984,1523.0
35.0,-83.0,TempF,Oxydendrum arboreum,16.35,0.116,44.715,45.49043505,522.8053336,15.150447845458984,1523.0
35.0,-83.0,TempF,Oxydendrum arboreum,14.25,0.138,56.547,57.94513851,489.3709879,15.150447845458984,1523.0
35.0,-83.0,TempF,Oxydendrum arboreum,19.64,0.193,124.365,126.2533125,385.3371318,15.150447845458984,1523.0
35.0,-83.0,TempF,Oxydendrum arboreum,19.1,0.202,122.576,124.6608915,452.4207927,15.150447845458984,1523.0
35.0,-83.0,TempF,Oxydendrum arboreum,19.9,0.225,243.585,247.6329157,531.4208212,15.150447845458984,1523.0
35.0,-83.0,TempF,Oxydendrum arboreum,20.5,0.284,341.454,344.7950335,463.704011,15.150447845458984,1523.0
35.0,-83.0,TempF,Oxydendrum arboreum,17.2,0.346,411.29,415.656237,262.887691,15.150447845458984,1523.0
35.0,-83.0,TempF,Quercus alba,7.8,0.07,9.235,9.970280734,434.036119,15.150447845458984,1523.0
35.0,-83.0,TempF,Quercus alba,11.5,0.126,39.313,41.31308581,611.3914896,15.150447845458984,1523.0
35.0,-83.0,TempF,Quercus alba,15.0,0.169,81.322,83.24918997,574.8036369,15.150447845458984,1523.0
35.0,-83.0,TempF,Quercus alba,16.4,0.227,131.455,133.1407474,458.3491045,15.150447845458984,1523.0
35.0,-83.0,TempF,Quercus alba,19.6,0.279,386.766,403.268358,592.1165604,15.150447845458984,1523.0
35.0,-83.0,TempF,Quercus alba,18.1,0.292,276.496,281.6631175,442.015521,15.150447845458984,1523.0
35.0,-83.0,TempF,Quercus alba,25.55,0.324,559.437,573.7730763,514.7032643,15.150447845458984,1523.0
35.0,-83.0,TempF,Quercus alba,21.8,0.413,796.449,805.6619236,482.749122,15.150447845458984,1523.0
35.0,-83.0,TempF,Quercus alba,26.2,0.449,1404.758,1448.538997,499.2490074,15.150447845458984,1523.0
35.0,-83.0,TempF,Quercus alba,31.9,0.63,2727.398,2739.709469,503.7048425,15.150447845458984,1523.0
35.0,-83.0,TempF,Quercus coccinea,13.5,0.15,69.134,74.85493974,437.0074443,15.150447845458984,1523.0
35.0,-83.0,TempF,Quercus coccinea,18.9,0.239,256.775,264.0741754,482.132446,15.150447845458984,1523.0
35.0,-83.0,TempF,Quercus coccinea,22.35,0.286,412.666,421.0776592,437.3120211,15.150447845458984,1523.0
35.0,-83.0,TempF,Quercus coccinea,22.29,0.34,662.075,672.1154229,443.4426893,15.150447845458984,1523.0
35.0,-83.0,TempF,Quercus coccinea,26.14,0.433,1322.619,1338.885058,456.925046,15.150447845458984,1523.0
35.0,-83.0,TempF,Quercus michauxii,12.3,0.106,25.526,26.61936076,414.0191927,15.150447845458984,1523.0
35.0,-83.0,TempF,Quercus michauxii,14.39,0.15,63.996,65.04022044,473.8581951,15.150447845458984,1523.0
35.0,-83.0,TempF,Quercus michauxii,14.3,0.185,96.065,100.6039347,411.8253899,15.150447845458984,1523.0
35.0,-83.0,TempF,Quercus michauxii,20.3,0.208,156.377,159.0387254,614.6892203,15.150447845458984,1523.0
35.0,-83.0,TempF,Quercus michauxii,20.53,0.247,355.685,361.0611411,611.8667044,15.150447845458984,1523.0
35.0,-83.0,TempF,Quercus michauxii,22.0,0.267,336.062,340.6086016,618.194755,15.150447845458984,1523.0
35.0,-83.0,TempF,Quercus michauxii,19.1,0.283,514.763,533.5920204,541.9375036,15.150447845458984,1523.0
35.0,-83.0,TempF,Quercus michauxii,21.6,0.364,1021.053,1044.033489,527.9500499,15.150447845458984,1523.0
35.0,-83.0,TempF,Quercus michauxii,27.04,0.411,1223.731,1237.495092,563.3367253,15.150447845458984,1523.0
35.0,-83.0,TempF,Quercus michauxii,29.5,0.575,2962.295,2990.441481,565.7982831,15.150447845458984,1523.0
35.0,-83.0,TempF,Quercus rubra,11.8,0.107,23.5,24.27787575,409.3292118,15.150447845458984,1523.0
35.0,-83.0,TempF,Quercus rubra,12.3,0.158,74.677,77.1586099,464.4845613,15.150447845458984,1523.0
35.0,-83.0,TempF,Quercus rubra,20.2,0.197,179.538,182.8464514,509.0978169,15.150447845458984,1523.0
35.0,-83.0,TempF,Quercus rubra,22.3,0.235,264.227,266.4923749,546.8276834,15.150447845458984,1523.0
35.0,-83.0,TempF,Quercus rubra,23.4,0.287,407.045,413.6350471,302.4686098,15.150447845458984,1523.0
35.0,-83.0,TempF,Quercus rubra,21.0,0.341,570.104,589.9816482,332.7679337,15.150447845458984,1523.0
35.0,-83.0,TempF,Quercus rubra,29.3,0.407,1026.531,1042.255049,518.3922381,15.150447845458984,1523.0
35.0,-83.0,TempF,Quercus rubra,24.75,0.492,1441.042,1481.68973,500.8792714,15.150447845458984,1523.0
35.0,-83.0,TempF,Quercus rubra,24.9,0.52,1730.144,1750.213929,474.8603372,15.150447845458984,1523.0
-18.66,-44.0,Sav,Acosmium sp.,2.5,0.05,1.71,1.86219,650.0,19.39969825744629,1309.0
-18.66,-44.0,Sav,Acosmium sp.,3.5,0.067,5.46,5.76156,650.0,19.39969825744629,1309.0
-18.66,-44.0,Sav,Acosmium sp.,4.5,0.108,31.08,33.01764,650.0,19.39969825744629,1309.0
-18.66,-44.0,Sav,Astronium fraxinifolium,2.0,0.05,3.86,4.27635,670.0,19.39969825744629,1309.0
-18.66,-44.0,Sav,Astronium fraxinifolium,5.0,0.127,30.52,32.53796,670.0,19.39969825744629,1309.0
-18.66,-44.0,Sav,Astronium fraxinifolium,3.5,0.067,10.41,11.7133,670.0,19.39969825744629,1309.0
-18.66,-44.0,Sav,Byrsonima coccolobifolia,3.5,0.103,15.98,17.10035,500.0,19.39969825744629,1309.0
-18.66,-44.0,Sav,Byrsonima coccolobifolia,3.0,0.062,2.72,3.36785,500.0,19.39969825744629,1309.0
-18.66,-44.0,Sav,Byrsonima coccolobifolia,3.0,0.05,3.39,3.72155,500.0,19.39969825744629,1309.0
-18.66,-44.0,Sav,Curatella americana,6.0,0.218,84.7,89.57892,510.0,19.39969825744629,1309.0
-18.66,-44.0,Sav,Curatella americana,3.0,0.062,3.99,4.60629,510.0,19.39969825744629,1309.0
-18.66,-44.0,Sav,Eriotheca gracilipes,4.5,0.126,36.5,37.71288,430.0,19.39969825744629,1309.0
-18.66,-44.0,Sav,Eriotheca gracilipes,7.0,0.188,111.13,120.59328,430.0,19.39969825744629,1309.0
-18.66,-44.0,Sav,Eriotheca gracilipes,4.0,0.076,9.84,10.35269,430.0,19.39969825744629,1309.0
-18.66,-44.0,Sav,Eriotheca gracilipes,5.5,0.127,31.98,33.63039,430.0,19.39969825744629,1309.0
-18.66,-44.0,Sav,Eriotheca gracilipes,4.0,0.08,7.56,7.8462,430.0,19.39969825744629,1309.0
-18.66,-44.0,Sav,Eriotheca gracilipes,6.5,0.135,30.3,30.52198,430.0,19.39969825744629,1309.0
-18.66,-44.0,Sav,Eriotheca gracilipes,5.0,0.123,9.8,12.46633,430.0,19.39969825744629,1309.0
-18.66,-44.0,Sav,Erythroxylum suberosum,3.0,0.064,3.18,3.27844,550.0,19.39969825744629,1309.0
-18.66,-44.0,Sav,Erythroxylum suberosum,2.0,0.05,1.94,2.18584,550.0,19.39969825744629,1309.0
-18.66,-44.0,Sav,Erythroxylum suberosum,4.0,0.108,10.94,12.16142,550.0,19.39969825744629,1309.0
-18.66,-44.0,Sav,Erythroxylum suberosum,2.5,0.064,2.58,2.73607,550.0,19.39969825744629,1309.0
-18.66,-44.0,Sav,Erythroxylum suberosum,2.0,0.054,0.31,0.45505,550.0,19.39969825744629,1309.0
-18.66,-44.0,Sav,Erythroxylum suberosum,1.5,0.051,1.06,1.33104,550.0,19.39969825744629,1309.0
-18.66,-44.0,Sav,Erythroxylum suberosum,2.0,0.057,1.55,1.78636,550.0,19.39969825744629,1309.0
-18.66,-44.0,Sav,Erythroxylum suberosum,2.0,0.095,7.6,8.23916,550.0,19.39969825744629,1309.0
-18.66,-44.0,Sav,Erythroxylum suberosum,4.0,0.102,13.97,17.96853,550.0,19.39969825744629,1309.0
-18.66,-44.0,Sav,Erythroxylum suberosum,4.0,0.111,15.77,16.46313,550.0,19.39969825744629,1309.0
-18.66,-44.0,Sav,Lafoensia pacari,3.0,0.05,5.27,5.50237,600.0,19.39969825744629,1309.0
-18.66,-44.0,Sav,Lafoensia pacari,2.0,0.081,8.6,8.78941,600.0,19.39969825744629,1309.0
-18.66,-44.0,Sav,Lafoensia pacari,3.0,0.062,4.36,4.38243,600.0,19.39969825744629,1309.0
-18.66,-44.0,Sav,Piptocarpha rotundifolia,3.5,0.064,3.61,3.65629,460.0,19.39969825744629,1309.0
-18.66,-44.0,Sav,Plathymenia reticulata,3.0,0.111,29.02,31.72609,580.0,19.39969825744629,1309.0
-18.66,-44.0,Sav,Pouteria torta,3.8,0.185,157.96,159.9224,590.0,19.39969825744629,1309.0
-18.66,-44.0,Sav,Pouteria torta,2.5,0.05,2.51,3.00537,590.0,19.39969825744629,1309.0
-18.66,-44.0,Sav,Pouteria torta,3.5,0.081,5.52,6.03016,590.0,19.39969825744629,1309.0
-18.66,-44.0,Sav,Pterodon emarginatus,4.0,0.116,32.99,36.0945,680.0,19.39969825744629,1309.0
-18.66,-44.0,Sav,Pterodon emarginatus,4.0,0.089,14.68,16.76822,680.0,19.39969825744629,1309.0
-18.66,-44.0,Sav,Pterodon emarginatus,5.0,0.1,16.76,17.25789,680.0,19.39969825744629,1309.0
-18.66,-44.0,Sav,Pterodon emarginatus,7.5,0.202,126.4,133.00413,680.0,19.39969825744629,1309.0
-18.66,-44.0,Sav,Qualea grandiflora,2.5,0.072,5.61,5.72094,560.0,19.39969825744629,1309.0
-18.66,-44.0,Sav,Qualea grandiflora,3.0,0.072,3.44,3.4604,560.0,19.39969825744629,1309.0
-18.66,-44.0,Sav,Qualea grandiflora,3.2,0.173,90.58,92.5694,560.0,19.39969825744629,1309.0
-18.66,-44.0,Sav,Qualea grandiflora,3.0,0.075,9.66,10.24326,560.0,19.39969825744629,1309.0
-18.66,-44.0,Sav,Qualea grandiflora,3.5,0.073,6.53,6.56823,560.0,19.39969825744629,1309.0
-18.66,-44.0,Sav,Qualea grandiflora,4.0,0.115,20.68,21.3217,560.0,19.39969825744629,1309.0
-18.66,-44.0,Sav,Qualea grandiflora,3.3,0.12,25.79,26.00282,560.0,19.39969825744629,1309.0
-18.66,-44.0,Sav,Qualea grandiflora,4.0,0.102,12.54,13.37287,560.0,19.39969825744629,1309.0
-18.66,-44.0,Sav,Qualea grandiflora,3.0,0.111,19.96,20.33837,560.0,19.39969825744629,1309.0
-18.66,-44.0,Sav,Qualea grandiflora,3.8,0.15,59.31,59.94232,560.0,19.39969825744629,1309.0
-18.66,-44.0,Sav,Qualea grandiflora,4.5,0.126,25.86,26.22185,560.0,19.39969825744629,1309.0
-18.66,-44.0,Sav,Qualea grandiflora,4.0,0.118,22.28,25.31796,560.0,19.39969825744629,1309.0
-18.66,-44.0,Sav,Qualea grandiflora,3.8,0.127,25.72,26.81963,560.0,19.39969825744629,1309.0
-18.66,-44.0,Sav,Qualea grandiflora,4.0,0.118,15.68,16.99564,560.0,19.39969825744629,1309.0
-18.66,-44.0,Sav,Qualea grandiflora,3.5,0.067,3.29,3.32631,560.0,19.39969825744629,1309.0
-18.66,-44.0,Sav,Qualea grandiflora,5.0,0.143,24.01,25.15251,560.0,19.39969825744629,1309.0
-18.66,-44.0,Sav,Qualea parviflora,3.0,0.07,3.81,3.8262,510.0,19.39969825744629,1309.0
-18.66,-44.0,Sav,Qualea parviflora,3.0,0.078,4.18,4.2365,510.0,19.39969825744629,1309.0
-18.66,-44.0,Sav,Qualea parviflora,3.0,0.099,24.96,25.08057,510.0,19.39969825744629,1309.0
-18.66,-44.0,Sav,Qualea parviflora,4.0,0.076,8.03,8.33502,510.0,19.39969825744629,1309.0
-18.66,-44.0,Sav,Qualea parviflora,2.5,0.067,3.5,3.78247,510.0,19.39969825744629,1309.0
-18.66,-44.0,Sav,Qualea parviflora,4.5,0.163,94.31,94.5364,510.0,19.39969825744629,1309.0
-18.66,-44.0,Sav,Qualea parviflora,4.0,0.108,28.85,29.0388,510.0,19.39969825744629,1309.0
-18.66,-44.0,Sav,Qualea parviflora,3.3,0.108,23.17,23.69197,510.0,19.39969825744629,1309.0
-18.66,-44.0,Sav,Qualea parviflora,3.5,0.078,7.0,7.14085,510.0,19.39969825744629,1309.0
-18.66,-44.0,Sav,Qualea parviflora,3.0,0.051,2.54,2.77666,510.0,19.39969825744629,1309.0
-18.66,-44.0,Sav,Qualea parviflora,3.5,0.068,9.73,9.75573,510.0,19.39969825744629,1309.0
-18.66,-44.0,Sav,Qualea parviflora,3.5,0.158,70.09,70.43823,510.0,19.39969825744629,1309.0
-18.66,-44.0,Sav,Qualea parviflora,4.0,0.103,15.05,15.19392,510.0,19.39969825744629,1309.0
-18.66,-44.0,Sav,Qualea parviflora,4.0,0.134,38.71,39.20551,510.0,19.39969825744629,1309.0
-18.66,-44.0,Sav,Qualea parviflora,4.3,0.143,65.63,65.81337,510.0,19.39969825744629,1309.0
-18.66,-44.0,Sav,Qualea parviflora,4.5,0.119,19.6,19.62694,510.0,19.39969825744629,1309.0
-18.66,-44.0,Sav,Qualea parviflora,5.0,0.107,21.55,21.68775,510.0,19.39969825744629,1309.0
-18.66,-44.0,Sav,Qualea parviflora,4.0,0.107,25.4,25.45496,510.0,19.39969825744629,1309.0
-18.66,-44.0,Sav,Qualea parviflora,4.0,0.103,16.35,16.91479,510.0,19.39969825744629,1309.0
-18.66,-44.0,Sav,Qualea parviflora,4.0,0.119,26.38,26.4131,510.0,19.39969825744629,1309.0
-18.66,-44.0,Sav,Qualea parviflora,4.0,0.108,13.88,14.51353,510.0,19.39969825744629,1309.0
-18.66,-44.0,Sav,Qualea parviflora,3.5,0.146,1.76,2.24203,510.0,19.39969825744629,1309.0
-18.66,-44.0,Sav,Qualea parviflora,4.5,0.116,28.5,29.29575,510.0,19.39969825744629,1309.0
-18.66,-44.0,Sav,Qualea parviflora,4.5,0.105,15.94,16.59823,510.0,19.39969825744629,1309.0
-18.66,-44.0,Sav,Qualea parviflora,4.5,0.102,15.88,15.92306,510.0,19.39969825744629,1309.0
-18.66,-44.0,Sav,Qualea parviflora,4.0,0.102,21.92,22.2788,510.0,19.39969825744629,1309.0
-18.66,-44.0,Sav,Qualea parviflora,4.0,0.156,56.92,57.11193,510.0,19.39969825744629,1309.0
-18.66,-44.0,Sav,Qualea parviflora,3.0,0.08,9.01,9.20485,510.0,19.39969825744629,1309.0
-18.66,-44.0,Sav,Qualea parviflora,3.5,0.076,6.18,6.27636,510.0,19.39969825744629,1309.0
-18.66,-44.0,Sav,Qualea parviflora,3.5,0.076,6.64,6.66898,510.0,19.39969825744629,1309.0
-18.66,-44.0,Sav,Qualea parviflora,5.0,0.131,44.05,44.209,510.0,19.39969825744629,1309.0
-18.66,-44.0,Sav,Qualea parviflora,4.0,0.108,18.84,19.46467,510.0,19.39969825744629,1309.0
-18.66,-44.0,Sav,Qualea parviflora,4.0,0.108,17.17,18.06667,510.0,19.39969825744629,1309.0
-18.66,-44.0,Sav,Qualea parviflora,5.0,0.121,33.91,34.6154,510.0,19.39969825744629,1309.0
-18.66,-44.0,Sav,Qualea parviflora,4.0,0.115,12.44,12.78917,510.0,19.39969825744629,1309.0
-18.66,-44.0,Sav,Qualea parviflora,4.5,0.119,34.95,35.11362,510.0,19.39969825744629,1309.0
-18.66,-44.0,Sav,Qualea parviflora,5.0,0.14,48.07,48.14859,510.0,19.39969825744629,1309.0
-18.66,-44.0,Sav,Sclerolobium sp.,5.0,0.118,50.22,51.82065,600.0,19.39969825744629,1309.0
-18.66,-44.0,Sav,Sclerolobium sp.,5.0,0.156,71.86,75.1905,600.0,19.39969825744629,1309.0
-18.66,-44.0,Sav,Sclerolobium sp.,4.0,0.111,29.41,31.49078,600.0,19.39969825744629,1309.0
-18.66,-44.0,Sav,Sclerolobium sp.,4.0,0.102,32.92,35.00771,600.0,19.39969825744629,1309.0
-18.66,-44.0,Sav,Sclerolobium sp.,5.5,0.118,47.42,49.96003,600.0,19.39969825744629,1309.0
-18.66,-44.0,Sav,Solanum sp.,4.0,0.107,13.56,13.92814,450.0,19.39969825744629,1309.0
-18.66,-44.0,Sav,Solanum sp.,4.0,0.135,13.96,14.62721,450.0,19.39969825744629,1309.0
-18.66,-44.0,Sav,Solanum sp.,4.0,0.137,17.76,18.609,450.0,19.39969825744629,1309.0
-18.66,-44.0,Sav,Solanum sp.,3.0,0.086,6.19,6.35509,450.0,19.39969825744629,1309.0
-18.66,-44.0,Sav,Solanum sp.,4.0,0.099,8.85,9.10028,450.0,19.39969825744629,1309.0
-18.66,-44.0,Sav,Solanum sp.,6.3,0.276,239.66,241.40654,450.0,19.39969825744629,1309.0
-18.66,-44.0,Sav,Strychnos pseudoquina,3.5,0.083,4.06,4.14387,700.0,19.39969825744629,1309.0
-18.66,-44.0,Sav,Stryphnodendron adstringens,5.0,0.181,83.06,83.58325,540.0,19.39969825744629,1309.0
-18.66,-44.0,Sav,Stryphnodendron adstringens,4.5,0.159,103.22,104.82259,540.0,19.39969825744629,1309.0
-18.66,-44.0,Sav,Terminalia argentea,4.3,0.119,66.87,71.02067,670.0,19.39969825744629,1309.0
-18.66,-44.0,Sav,Terminalia argentea,4.0,0.123,40.58,44.85558,670.0,19.39969825744629,1309.0
-11.0,-66.0,TropRF,Trema micrantha,2.21,0.0176999859508108,0.11704,0.1748372,349.410354,26.9718017578125,1693.0
-11.0,-66.0,TropRF,Trema micrantha,1.23,0.0081000020827283,0.013552,0.019787,237.259971,26.9718017578125,1693.0
-11.0,-66.0,TropRF,Trema micrantha,1.45,0.0135999885641512,0.031246,0.0546858,189.774372,26.9718017578125,1693.0
-11.0,-66.0,TropRF,Trema micrantha,1.83,0.0178000159480031,0.09472,0.1441957,320.327202,26.9718017578125,1693.0
-11.0,-66.0,TropRF,Trema micrantha,1.32,0.0066999977618619,0.017015,0.023893,442.925122,26.9718017578125,1693.0
-11.0,-66.0,TropRF,Trema micrantha,0.78,0.0056000015456052,0.005654,0.008407,294.303391,26.9718017578125,1693.0
-11.0,-66.0,TropRF,Trema micrantha,1.43,0.0104999971191697,0.029587,0.0491572,301.512363,26.9718017578125,1693.0
-11.0,-66.0,TropRF,Trema micrantha,2.35,0.0157000083816511,0.077917,0.1089397,279.256263,26.9718017578125,1693.0
-11.0,-66.0,TropRF,Trema micrantha,1.56,0.0089000008209739,0.016995,0.02716,229.282778,26.9718017578125,1693.0
-11.0,-66.0,TropRF,Trema micrantha,1.87,0.0136999822820672,0.077385,0.1146962,336.921068,26.9718017578125,1693.0
-11.0,-66.0,TropRF,Trema micrantha,1.53,0.0118999874859365,0.041719,0.0900266,331.962977,26.9718017578125,1693.0
-11.0,-66.0,TropRF,Trema micrantha,1.0,0.0077999980198591,0.007199,0.0153403,147.058749,26.9718017578125,1693.0
-11.0,-66.0,TropRF,Trema micrantha,0.89,0.0079000000501531,0.007489,0.0142242,171.668163,26.9718017578125,1693.0
-11.0,-66.0,TropRF,Trema micrantha,1.36,0.0115000051422639,0.036007,0.0649331,287.978384,26.9718017578125,1693.0
-11.0,-66.0,TropRF,Trema micrantha,0.7,0.0042999982172838,0.003581,0.008181,352.273106,26.9718017578125,1693.0
-11.0,-66.0,TropRF,Trema micrantha,0.91,0.0052999958667944,0.004627,0.006837,230.471106,26.9718017578125,1693.0
-11.0,-66.0,TropRF,Trema micrantha,1.1,0.0063999991273574,0.006206,0.00983,184.302667,26.9718017578125,1693.0
-11.0,-66.0,TropRF,Ochroma pyramidale,1.52,0.0170999896890258,0.0590456,0.0975877,216.887458,26.9718017578125,1693.0
-11.0,-66.0,TropRF,Ochroma pyramidale,1.32,0.0153000059888138,0.053271,0.085291,263.720332,26.9718017578125,1693.0
-11.0,-66.0,TropRF,Ochroma pyramidale,1.19,0.0115000051422639,0.033784,0.0577125,278.976652,26.9718017578125,1693.0
-11.0,-66.0,TropRF,Ochroma pyramidale,0.78,0.012400009158902,0.027994,0.05601,297.191993,26.9718017578125,1693.0
-11.0,-66.0,TropRF,Ochroma pyramidale,0.5,0.0089000008209739,0.005661,0.010063,181.992402,26.9718017578125,1693.0
-11.0,-66.0,TropRF,Ochroma pyramidale,1.03,0.0107999975373022,0.018724,0.029756,204.390751,26.9718017578125,1693.0
-11.0,-66.0,TropRF,Ochroma pyramidale,2.2,0.0215999891799748,0.141397,0.1870711,258.272013,26.9718017578125,1693.0
-11.0,-66.0,TropRF,Ochroma pyramidale,1.6,0.0205000130998365,0.0940673,0.1265367,207.851622,26.9718017578125,1693.0
-11.0,-66.0,TropRF,Ochroma pyramidale,1.29,0.0173000067590893,0.054236,0.0822437,182.322253,26.9718017578125,1693.0
-11.0,-66.0,TropRF,Ochroma pyramidale,1.44,0.0191999940663435,0.053836,0.1504581,151.47696,26.9718017578125,1693.0
-11.0,-66.0,TropRF,Ochroma pyramidale,0.78,0.0115000051422639,0.019335,0.0505481,238.651414,26.9718017578125,1693.0
-11.0,-66.0,TropRF,Ochroma pyramidale,1.0,0.0116999915885915,0.036399,0.0705925,334.507904,26.9718017578125,1693.0
-11.0,-66.0,TropRF,Ochroma pyramidale,1.677,0.0188999973744585,0.114429,0.1999122,342.050576,26.9718017578125,1693.0
-11.0,-66.0,TropRF,Ochroma pyramidale,1.92,0.0212999912501589,0.13339,0.2716286,270.599536,26.9718017578125,1693.0
-11.0,-66.0,TropRF,Ochroma pyramidale,1.42,0.0199999915533596,0.078269,0.1357267,215.658131,26.9718017578125,1693.0
-11.0,-66.0,TropRF,Ochroma pyramidale,2.14,0.0169999974077641,0.146882,0.2471948,442.417699,26.9718017578125,1693.0
-11.0,-66.0,TropRF,Ochroma pyramidale,0.55,0.0099999989597794,0.00483,0.008602,150.0,26.9718017578125,1693.0
-11.0,-66.0,TropRF,Ochroma pyramidale,0.9,0.0115000051422639,0.018105,0.0394014,240.0,26.9718017578125,1693.0
-11.0,-66.0,TropRF,Cecropia ficifolia,0.4,0.0111999974071056,0.004441,0.010623,112.692459,26.9718017578125,1693.0
-11.0,-66.0,TropRF,Cecropia ficifolia,0.47,0.0167000116730136,0.012911,0.028377,125.412031,26.9718017578125,1693.0
-11.0,-66.0,TropRF,Cecropia ficifolia,0.53,0.0124999764180101,0.007002,0.01673,107.655527,26.9718017578125,1693.0
-11.0,-66.0,TropRF,Cecropia ficifolia,0.5,0.01280001814907,0.005216,0.009319,81.069549,26.9718017578125,1693.0
-11.0,-66.0,TropRF,Cecropia ficifolia,0.72,0.0123000057895948,0.014315,0.02173,167.324198,26.9718017578125,1693.0
-11.0,-66.0,TropRF,Cecropia ficifolia,0.66,0.0123000057895948,0.012936,0.016991,164.951385,26.9718017578125,1693.0
-11.0,-66.0,TropRF,Cecropia ficifolia,0.75,0.0120999923656627,0.025999,0.037668,301.463515,26.9718017578125,1693.0
-11.0,-66.0,TropRF,Cecropia ficifolia,0.87,0.0150000175382522,0.040207,0.059731,261.562104,26.9718017578125,1693.0
-11.0,-66.0,TropRF,Cecropia ficifolia,0.6,0.0069999990899542,0.006684,0.009931,289.467113,26.9718017578125,1693.0
-11.0,-66.0,TropRF,Cecropia ficifolia,0.8,0.0115999902933686,0.016515,0.025873,195.336198,26.9718017578125,1693.0
-11.0,-66.0,TropRF,Cecropia ficifolia,0.86,0.0168000084262178,0.039099,0.066206,205.096738,26.9718017578125,1693.0
-11.0,-66.0,TropRF,Cecropia ficifolia,0.46,0.0115999902933686,0.00474,0.008332,97.502253,26.9718017578125,1693.0
-11.0,-66.0,TropRF,Cecropia ficifolia,0.66,0.0159000196315596,0.01266,0.019945,96.606343,26.9718017578125,1693.0
-11.0,-66.0,TropRF,Cecropia ficifolia,1.25,0.0230000102845278,0.086121,0.1400762,201.64841,26.9718017578125,1693.0
-11.0,-66.0,TropRF,Cecropia ficifolia,1.55,0.0199000151417229,0.061869,0.1140117,163.349936,26.9718017578125,1693.0
-11.0,-66.0,TropRF,Cecropia ficifolia,0.5,0.0113999807162608,0.004636,0.009618,90.839313,26.9718017578125,1693.0
-11.0,-66.0,TropRF,Cecropia ficifolia,0.95,0.0147000134630489,0.026024,0.046076,161.408311,26.9718017578125,1693.0
-11.0,-66.0,TropRF,Couratari guianensis,1.18,0.0122000176040855,0.04241,0.1016123,340.123652,26.9718017578125,1693.0
-11.0,-66.0,TropRF,Couratari guianensis,0.85,0.0073000027795468,0.015709,0.0488406,441.564359,26.9718017578125,1693.0
-11.0,-66.0,TropRF,Couratari guianensis,1.06,0.0085999964345676,0.043567,0.1106207,727.567913,26.9718017578125,1693.0
-11.0,-66.0,TropRF,Couratari guianensis,0.72,0.0080000013959927,0.008869,0.027288,245.059929,26.9718017578125,1693.0
-11.0,-66.0,TropRF,Couratari guianensis,1.08,0.0090000034494038,0.049577,0.1040697,759.259463,26.9718017578125,1693.0
-11.0,-66.0,TropRF,Couratari guianensis,0.82,0.0090999984671493,0.02122,0.0537081,397.886186,26.9718017578125,1693.0
-11.0,-66.0,TropRF,Couratari guianensis,1.26,0.0113999807162608,0.034176,0.0870462,303.085092,26.9718017578125,1693.0
-11.0,-66.0,TropRF,Couratari guianensis,0.87,0.0099999989597794,0.01718,0.048605,251.428223,26.9718017578125,1693.0
-11.0,-66.0,TropRF,Couratari guianensis,1.04,0.0083000015741802,0.018177,0.0476245,335.951157,26.9718017578125,1693.0
-11.0,-66.0,TropRF,Couratari guianensis,0.5,0.0045999965210806,0.004926,0.013863,592.814556,26.9718017578125,1693.0
-11.0,-66.0,TropRF,Couratari guianensis,1.37,0.0127000065278887,0.052916,0.1237896,382.934944,26.9718017578125,1693.0
-11.0,-66.0,TropRF,Couratari guianensis,0.77,0.0055000006432437,0.009647,0.0297055,527.334631,26.9718017578125,1693.0
-11.0,-66.0,TropRF,Couratari guianensis,0.23,0.0052999958667944,0.002388,0.011084,470.614025,26.9718017578125,1693.0
-11.0,-66.0,TropRF,Couratari guianensis,0.62,0.0081000020827283,0.010849,0.027616,339.57687,26.9718017578125,1693.0
-11.0,-66.0,TropRF,Couratari guianensis,1.3,0.0123000057895948,0.03491,0.0885362,273.970786,26.9718017578125,1693.0
-11.0,-66.0,TropRF,Couratari guianensis,1.5,0.0127000065278887,0.055414,0.1217637,480.0,26.9718017578125,1693.0
-11.0,-66.0,TropRF,Couratari guianensis,1.25,0.0115000051422639,0.037075,0.0961444,430.0,26.9718017578125,1693.0
-11.0,-66.0,TropRF,Rinereocarpus uleii,1.0,0.0101999984446585,0.009831,0.0282832,120.311591,26.9718017578125,1693.0
-11.0,-66.0,TropRF,Rinereocarpus uleii,0.88,0.0063999991273574,0.012498,0.0219928,441.476935,26.9718017578125,1693.0
-11.0,-66.0,TropRF,Rinereocarpus uleii,0.5,0.0036000070385973,0.003881,0.007339,762.568314,26.9718017578125,1693.0
-11.0,-66.0,TropRF,Rinereocarpus uleii,0.59,0.0053999987686511,0.005081,0.014771,376.027651,26.9718017578125,1693.0
-11.0,-66.0,TropRF,Rinereocarpus uleii,0.71,0.0057000015269062,0.007255,0.0186037,400.441865,26.9718017578125,1693.0
-11.0,-66.0,TropRF,Rinereocarpus uleii,0.62,0.0063999991273574,0.011522,0.0384695,577.678697,26.9718017578125,1693.0
-11.0,-66.0,TropRF,Rinereocarpus uleii,1.18,0.013299996116936,0.037191,0.0735135,265.164066,26.9718017578125,1693.0
-11.0,-66.0,TropRF,Rinereocarpus uleii,0.62,0.0048999987133558,0.005751,0.011212,491.891861,26.9718017578125,1693.0
-11.0,-66.0,TropRF,Rinereocarpus uleii,0.76,0.007600000174414,0.018356,0.0284182,532.411455,26.9718017578125,1693.0
-11.0,-66.0,TropRF,Rinereocarpus uleii,0.8,0.0074999960367347,0.015657,0.0340348,443.002479,26.9718017578125,1693.0
-11.0,-66.0,TropRF,Rinereocarpus uleii,0.3,0.0052000041210992,0.001367,0.0034,214.560954,26.9718017578125,1693.0
-11.0,-66.0,TropRF,Rinereocarpus uleii,0.45,0.0074999960367347,0.007197,0.012897,362.015012,26.9718017578125,1693.0
-11.0,-66.0,TropRF,Rinereocarpus uleii,1.36,0.0101999984446585,0.028814,0.0537033,330.780389,26.9718017578125,1693.0
-11.0,-66.0,TropRF,Rinereocarpus uleii,1.15,0.0057000015269062,0.0188327,0.0331289,696.88044,26.9718017578125,1693.0
-11.0,-66.0,TropRF,Rinereocarpus uleii,1.2,0.0079000000501531,0.017097,0.0332313,341.393856,26.9718017578125,1693.0
-11.0,-66.0,TropRF,Rinereocarpus uleii,1.0,0.006599995756099,0.017918,0.0341798,523.73522,26.9718017578125,1693.0
-11.0,-66.0,TropRF,Brosimum lactescens,0.36,0.0040999933035757,0.004646,0.010955,977.505275,26.9718017578125,1693.0
-11.0,-66.0,TropRF,Brosimum lactescens,0.86,0.0110000012864875,0.019694,0.0428169,240.968476,26.9718017578125,1693.0
-11.0,-66.0,TropRF,Brosimum lactescens,1.07,0.0104000021208577,0.029792,0.071327,346.844767,26.9718017578125,1693.0
-11.0,-66.0,TropRF,Brosimum lactescens,0.15,0.0019000008812608,0.000205,0.000683,482.020511,26.9718017578125,1693.0
-11.0,-66.0,TropRF,Brosimum lactescens,1.37,0.0140999995997401,0.054221,0.1147653,325.78691,26.9718017578125,1693.0
-11.0,-66.0,TropRF,Brosimum lactescens,0.81,0.0041999964224483,0.006639,0.018447,591.601393,26.9718017578125,1693.0
-11.0,-66.0,TropRF,Brosimum lactescens,0.4,0.0055000006432437,0.001121,0.002734,117.958804,26.9718017578125,1693.0
-11.0,-66.0,TropRF,Brosimum lactescens,0.26,0.0048000034901768,0.000881,0.0042268,187.253612,26.9718017578125,1693.0
-11.0,-66.0,TropRF,Brosimum lactescens,0.71,0.0043999987783591,0.009526,0.0216662,882.382719,26.9718017578125,1693.0
-11.0,-66.0,TropRF,Brosimum lactescens,0.25,0.0040000046768672,0.001107,0.003603,352.369044,26.9718017578125,1693.0
-11.0,-66.0,TropRF,Brosimum lactescens,0.55,0.0036000070385973,0.004668,0.011706,670.0,26.9718017578125,1693.0
-11.0,-66.0,TropRF,Brosimum lactescens,0.9,0.0058000006347877,0.008984,0.0227379,377.816887,26.9718017578125,1693.0
-11.0,-66.0,TropRF,Brosimum lactescens,0.75,0.0046999938465308,0.005312,0.0147626,408.235911,26.9718017578125,1693.0
-11.0,-66.0,TropRF,Brosimum lactescens,0.25,0.0046999938465308,0.000707,0.002274,163.002328,26.9718017578125,1693.0
-11.0,-66.0,TropRF,Brosimum lactescens,0.5,0.0035000004544339,0.001275,0.003386,265.041701,26.9718017578125,1693.0
-11.0,-66.0,TropRF,Brosimum lactescens,0.75,0.005000005846084,0.020705,0.0531449,450.0,26.9718017578125,1693.0
-11.0,-66.0,TropRF,Brosimum lactescens,1.0,0.0059999964049743,0.010485,0.0223167,370.831017,26.9718017578125,1693.0
-11.0,-66.0,TropRF,Pseudolmedia laevis,0.16,0.0025999996120128,0.000394,0.001944,463.809524,26.9718017578125,1693.0
-11.0,-66.0,TropRF,Pseudolmedia laevis,0.13,0.0019999991553359,0.000204,0.001052,499.501668,26.9718017578125,1693.0
-11.0,-66.0,TropRF,Pseudolmedia laevis,0.32,0.003799991710622,0.001344,0.004524,370.332832,26.9718017578125,1693.0
-11.0,-66.0,TropRF,Pseudolmedia laevis,0.14,0.0019999991553359,0.000159,0.000849,361.509085,26.9718017578125,1693.0
-11.0,-66.0,TropRF,Pseudolmedia laevis,0.34,0.0035000004544339,0.002237,0.005595,683.850387,26.9718017578125,1693.0
-11.0,-66.0,TropRF,Pseudolmedia laevis,0.42,0.0049800014558492,0.002322,0.0074646,283.833961,26.9718017578125,1693.0
-11.0,-66.0,TropRF,Pseudolmedia laevis,0.27,0.0040000046768672,0.001184,0.003745,348.961949,26.9718017578125,1693.0
-11.0,-66.0,TropRF,Pseudolmedia laevis,0.2,0.0031000007495171,0.000487,0.002226,322.615847,26.9718017578125,1693.0
-11.0,-66.0,TropRF,Pseudolmedia laevis,0.42,0.0027999996359817,0.001924,0.007164,743.960424,26.9718017578125,1693.0
-11.0,-66.0,TropRF,Pseudolmedia laevis,0.14,0.0016999997407764,0.000299,0.001032,650.0,26.9718017578125,1693.0
-11.0,-66.0,TropRF,Pseudolmedia laevis,0.1,0.0023999990925064,0.000168,0.000675,371.361534,26.9718017578125,1693.0
-11.0,-66.0,TropRF,Pseudolmedia laevis,0.08,0.0017999999825255,8.7e-05,0.00036,427.360495,26.9718017578125,1693.0
-11.0,-66.0,TropRF,Pseudolmedia laevis,0.19,0.0025000003765646,0.000254,0.001324,272.339237,26.9718017578125,1693.0
-11.0,-66.0,TropRF,Adenocalymma impressum,1.2,0.0110999995576812,0.071396,0.1741541,593.248403,26.9718017578125,1693.0
-11.0,-66.0,TropRF,Adenocalymma impressum,1.12,0.0133999955237239,0.056917,0.1067393,365.776279,26.9718017578125,1693.0
-11.0,-66.0,TropRF,Adenocalymma impressum,0.7,0.0057000015269062,0.010309,0.0297626,577.136986,26.9718017578125,1693.0
-11.0,-66.0,TropRF,Adenocalymma impressum,1.55,0.0067999989631056,0.022102,0.0497747,561.943612,26.9718017578125,1693.0
-11.0,-66.0,TropRF,Adenocalymma impressum,0.87,0.0059999964049743,0.026041,0.0742461,584.909661,26.9718017578125,1693.0
-11.0,-66.0,TropRF,Adenocalymma impressum,0.53,0.0042999982172838,0.008897,0.021872,560.0,26.9718017578125,1693.0
-11.0,-66.0,TropRF,Adenocalymma impressum,0.96,0.007700003546233,0.013909,0.0327315,270.76115,26.9718017578125,1693.0
-11.0,-66.0,TropRF,Adenocalymma impressum,1.15,0.0056000015456052,0.010785,0.026848,437.879097,26.9718017578125,1693.0
-11.0,-66.0,TropRF,Adenocalymma impressum,0.7,0.006500002702838,0.007997,0.0372874,344.280529,26.9718017578125,1693.0
-11.0,-66.0,TropRF,Adenocalymma impressum,0.72,0.0087999975567182,0.009517,0.0308557,217.326331,26.9718017578125,1693.0
-11.0,-66.0,TropRF,Adenocalymma impressum,1.15,0.0059999964049743,0.014579,0.0380451,515.626648,26.9718017578125,1693.0
-11.0,-66.0,TropRF,Adenocalymma impressum,0.82,0.0094000012381713,0.064451,0.1182544,560.0,26.9718017578125,1693.0
-11.0,-66.0,TropRF,Adenocalymma impressum,0.68,0.0066999977618619,0.014424,0.029147,601.640847,26.9718017578125,1693.0
-11.0,-66.0,TropRF,Adenocalymma impressum,1.5,0.005000005846084,0.01257,0.0435694,534.098524,26.9718017578125,1693.0
-11.0,-66.0,TropRF,Adenocalymma impressum,1.39,0.0070999980796617,0.021929,0.0618337,376.591978,26.9718017578125,1693.0
-11.0,-66.0,TropRF,Adenocalymma impressum,1.48,0.0104000021208577,0.048092,0.1534834,559.549697,26.9718017578125,1693.0
-11.0,-66.0,TropRF,Adenocalymma impressum,0.77,0.0055000006432437,0.0143378,0.0359019,540.0,26.9718017578125,1693.0
-11.0,-66.0,TropRF,Adenocalymma impressum,0.9,0.0057000015269062,0.008378,0.013859,364.802876,26.9718017578125,1693.0
-11.0,-66.0,TropRF,Adenocalymma impressum,0.75,0.0048999987133558,0.006478,0.0165128,458.033918,26.9718017578125,1693.0
-11.0,-66.0,TropRF,Adenocalymma impressum,0.75,0.0056000015456052,0.009285,0.021043,502.637295,26.9718017578125,1693.0
-11.0,-66.0,TropRF,Combretum gracilis,0.74,0.0038999990099295,0.005183,0.012824,586.314175,26.9718017578125,1693.0
-11.0,-66.0,TropRF,Combretum gracilis,0.71,0.0033999994815528,0.004004,0.008102,621.137865,26.9718017578125,1693.0
-11.0,-66.0,TropRF,Combretum gracilis,0.86,0.0126000094774975,0.034975,0.0767166,326.158199,26.9718017578125,1693.0
-11.0,-66.0,TropRF,Combretum gracilis,1.26,0.0091999999619439,0.043987,0.0949226,623.818179,26.9718017578125,1693.0
-11.0,-66.0,TropRF,Combretum gracilis,0.83,0.0089000008209739,0.027881,0.069181,529.945971,26.9718017578125,1693.0
-11.0,-66.0,TropRF,Combretum gracilis,0.72,0.006500002702838,0.011329,0.0309914,474.179185,26.9718017578125,1693.0
-11.0,-66.0,TropRF,Combretum gracilis,1.28,0.0089000008209739,0.035259,0.0607737,547.423885,26.9718017578125,1693.0
-11.0,-66.0,TropRF,Combretum gracilis,0.68,0.0058999989136605,0.011996,0.0251929,645.25836,26.9718017578125,1693.0
-11.0,-66.0,TropRF,Combretum gracilis,1.2,0.0104999971191697,0.035303,0.0622609,399.121621,26.9718017578125,1693.0
-11.0,-66.0,TropRF,Combretum gracilis,0.86,0.0056000015456052,0.006851,0.012593,323.436911,26.9718017578125,1693.0
-11.0,-66.0,TropRF,Combretum gracilis,1.1,0.0091999999619439,0.0192,0.0425852,282.73319,26.9718017578125,1693.0
-11.0,-66.0,TropRF,Combretum gracilis,0.74,0.0052000041210992,0.008028,0.022366,510.833153,26.9718017578125,1693.0
-11.0,-66.0,TropRF,Combretum gracilis,1.05,0.007600000174414,0.019506,0.040043,417.50618,26.9718017578125,1693.0
-11.0,-66.0,TropRF,Combretum gracilis,0.75,0.006599995756099,0.005134,0.014904,200.086067,26.9718017578125,1693.0
-11.0,-66.0,TropRF,Combretum gracilis,1.25,0.0080000013959927,0.034689,0.0596391,677.721536,26.9718017578125,1693.0
-11.0,-66.0,TropRF,Combretum gracilis,1.25,0.0087000009521816,0.045362,0.1402942,731.948726,26.9718017578125,1693.0
-11.0,-66.0,TropRF,Uncaria guianensis,0.45,0.0056000015456052,0.001748,0.004303,157.711361,26.9718017578125,1693.0
-11.0,-66.0,TropRF,Uncaria guianensis,0.23,0.003200000558397,0.000749,0.002233,404.915259,26.9718017578125,1693.0
-11.0,-66.0,TropRF,Uncaria guianensis,0.18,0.0029999992635205,0.000535,0.001717,420.48343,26.9718017578125,1693.0
-11.0,-66.0,TropRF,Uncaria guianensis,1.3,0.0096000003489002,0.029003,0.0622613,395.953183,26.9718017578125,1693.0
-11.0,-66.0,TropRF,Uncaria guianensis,0.72,0.0052000041210992,0.00415,0.0125824,271.405742,26.9718017578125,1693.0
-11.0,-66.0,TropRF,Uncaria guianensis,0.38,0.0040999933035757,0.001317,0.0043054,262.509233,26.9718017578125,1693.0
-11.0,-66.0,TropRF,Uncaria guianensis,0.9,0.0081000020827283,0.016562,0.0435077,357.116858,26.9718017578125,1693.0
-11.0,-66.0,TropRF,Uncaria guianensis,0.37,0.0055000006432437,0.007891,0.0250975,897.666585,26.9718017578125,1693.0
-11.0,-66.0,TropRF,Uncaria guianensis,0.79,0.0094000012381713,0.021614,0.07496,394.241617,26.9718017578125,1693.0
-11.0,-66.0,TropRF,Uncaria guianensis,0.24,0.0036000070385973,0.000877,0.002831,358.99919,26.9718017578125,1693.0
-11.0,-66.0,TropRF,Uncaria guianensis,0.65,0.0063999991273574,0.008711,0.019627,416.586151,26.9718017578125,1693.0
-11.0,-66.0,TropRF,Uncaria guianensis,0.1,0.0044999981879253,0.0002,0.001537,125.752054,26.9718017578125,1693.0
-11.0,-66.0,TropRF,Uncaria guianensis,1.25,0.0110999995576812,0.039191,0.0930676,362.172115,26.9718017578125,1693.0
-11.0,-66.0,TropRF,Uncaria guianensis,1.21,0.0109000025819163,0.035881,0.08507,372.305488,26.9718017578125,1693.0
-11.0,-66.0,TropRF,Cecropia ficifolia,3.5,0.0195000113732292,0.1752181,0.1828881,224.600089,26.9718017578125,1693.0
-11.0,-66.0,TropRF,Cecropia ficifolia,4.28,0.0276999963964738,0.301169,0.319639,178.444195,26.9718017578125,1693.0
-11.0,-66.0,TropRF,Cecropia ficifolia,6.27,0.0534000001571565,1.968031,2.118991,238.781362,26.9718017578125,1693.0
-11.0,-66.0,TropRF,Cecropia ficifolia,7.22,0.0525000037849867,2.336117,2.459097,213.117988,26.9718017578125,1693.0
-11.0,-66.0,TropRF,Cecropia ficifolia,6.61,0.0549999948575325,2.173151,2.259931,239.641472,26.9718017578125,1693.0
-11.0,-66.0,TropRF,Cecropia ficifolia,4.37,0.030599991173061,0.61468,0.69509,244.357557,26.9718017578125,1693.0
-11.0,-66.0,TropRF,Cecropia ficifolia,0.53,0.0099999989597794,0.003806,0.004366,182.565538,26.9718017578125,1693.0
-11.0,-66.0,TropRF,Cecropia ficifolia,1.09,0.0084000004237065,0.007795,0.010115,130.57155,26.9718017578125,1693.0
-11.0,-66.0,TropRF,Cecropia ficifolia,2.47,0.0169999974077641,0.079456,0.100636,196.203494,26.9718017578125,1693.0
-11.0,-66.0,TropRF,Cecropia ficifolia,0.56,0.0058000006347877,0.003635,0.005285,184.330301,26.9718017578125,1693.0
-11.0,-66.0,TropRF,Cecropia ficifolia,1.49,0.0127000065278887,0.024275,0.027435,144.821811,26.9718017578125,1693.0
-11.0,-66.0,TropRF,Cecropia ficifolia,6.75,0.058899998244269,2.721753,2.785923,273.69625,26.9718017578125,1693.0
-11.0,-66.0,TropRF,Cecropia ficifolia,2.13,0.0123000057895948,0.0485621,0.0533721,193.967753,26.9718017578125,1693.0
-11.0,-66.0,TropRF,Couratari guianensis,3.4,0.0269999938432556,0.48439,0.59635,460.148322,26.9718017578125,1693.0
-11.0,-66.0,TropRF,Couratari guianensis,2.92,0.0205000130998365,0.279338,0.336068,529.199338,26.9718017578125,1693.0
-11.0,-66.0,TropRF,Couratari guianensis,2.0,0.0145999793966237,0.073779,0.129549,407.576568,26.9718017578125,1693.0
-11.0,-66.0,TropRF,Couratari guianensis,1.68,0.0133999955237239,0.06090475,0.10628475,430.386817,26.9718017578125,1693.0
-11.0,-66.0,TropRF,Couratari guianensis,3.02,0.0203999906479447,0.245262,0.342992,413.016609,26.9718017578125,1693.0
-11.0,-66.0,TropRF,Couratari guianensis,5.31,0.0435000047609084,1.28523965,1.68481965,806.535561,26.9718017578125,1693.0
-11.0,-66.0,TropRF,Couratari guianensis,4.34,0.0368000067675554,0.828469,1.064689,420.37095,26.9718017578125,1693.0
-11.0,-66.0,TropRF,Couratari guianensis,1.31,0.0107999975373022,0.041479,0.074379,386.449531,26.9718017578125,1693.0
-11.0,-66.0,TropRF,Couratari guianensis,5.8,0.040999995145058,1.630725,2.167315,412.176043,26.9718017578125,1693.0
-11.0,-66.0,TropRF,Couratari guianensis,3.39,0.0150000175382522,0.112188,0.171738,447.150359,26.9718017578125,1693.0
-11.0,-66.0,TropRF,Couratari guianensis,6.59,0.0573999949776312,3.770633,4.529943,455.017782,26.9718017578125,1693.0
-11.0,-66.0,TropRF,Couratari guianensis,0.66,0.0063000047387487,0.00645,0.02009,475.35012,26.9718017578125,1693.0
-11.0,-66.0,TropRF,Couratari guianensis,2.7,0.0155000037475856,0.127442,0.154832,389.664626,26.9718017578125,1693.0
-11.0,-66.0,TropRF,Couratari guianensis,2.26,0.0158000081587824,0.1121266,0.1696266,381.489875,26.9718017578125,1693.0
-11.0,-66.0,TropRF,Couratari guianensis,0.66,0.0056000015456052,0.005809,0.011149,476.271105,26.9718017578125,1693.0
-11.0,-66.0,TropRF,Couratari guianensis,1.3,0.0105999977394388,0.044078,0.075668,473.610376,26.9718017578125,1693.0
-11.0,-66.0,TropRF,Rinereocarpus uleii,0.84,0.0073000027795468,0.011868,0.018538,472.505241,26.9718017578125,1693.0
-11.0,-66.0,TropRF,Rinereocarpus uleii,4.25,0.0287000085797512,0.46294,0.54486,514.316775,26.9718017578125,1693.0
-11.0,-66.0,TropRF,Rinereocarpus uleii,2.76,0.0188999973744585,0.161282,0.200672,490.171295,26.9718017578125,1693.0
-11.0,-66.0,TropRF,Rinereocarpus uleii,1.81,0.0127000065278887,0.074851,0.091431,519.287432,26.9718017578125,1693.0
-11.0,-66.0,TropRF,Rinereocarpus uleii,3.25,0.0183999860843224,0.246172,0.288942,451.050368,26.9718017578125,1693.0
-11.0,-66.0,TropRF,Rinereocarpus uleii,0.73,0.006599995756099,0.008305,0.011435,130.523222,26.9718017578125,1693.0
-11.0,-66.0,TropRF,Rinereocarpus uleii,2.13,0.0127000065278887,0.077231,0.101831,449.211979,26.9718017578125,1693.0
-11.0,-66.0,TropRF,Rinereocarpus uleii,1.32,0.0084000004237065,0.025819,0.036119,452.826793,26.9718017578125,1693.0
-11.0,-66.0,TropRF,Rinereocarpus uleii,1.02,0.0094000012381713,0.022923,0.042303,297.882978,26.9718017578125,1693.0
-11.0,-66.0,TropRF,Rinereocarpus uleii,2.46,0.0203000084938716,0.2048169,0.3143469,457.816738,26.9718017578125,1693.0
-11.0,-66.0,TropRF,Rinereocarpus uleii,3.2,0.0230999913471916,0.3222174,0.4095774,443.667592,26.9718017578125,1693.0
-11.0,-66.0,TropRF,Rinereocarpus uleii,2.06,0.0190000088126089,0.19120415,0.20889415,491.123349,26.9718017578125,1693.0
-11.0,-66.0,TropRF,Rinereocarpus uleii,3.46,0.0233000052206411,0.359852,0.433862,562.388319,26.9718017578125,1693.0
-11.0,-66.0,TropRF,Rinereocarpus uleii,5.22,0.0317000048114702,0.88580885,1.13399885,488.538535,26.9718017578125,1693.0
-11.0,-66.0,TropRF,Pseudolmedia laevis,0.74,0.0080000013959927,0.00791,0.01261,364.973517,26.9718017578125,1693.0
-11.0,-66.0,TropRF,Pseudolmedia laevis,0.76,0.0096999991340614,0.017221,0.023091,398.463618,26.9718017578125,1693.0
-11.0,-66.0,TropRF,Pseudolmedia laevis,0.37,0.0050999992223292,0.00302,0.00926,416.77138,26.9718017578125,1693.0
-11.0,-66.0,TropRF,Pseudolmedia laevis,1.71,0.0136999822820672,0.060376,0.126276,520.698479,26.9718017578125,1693.0
-11.0,-66.0,TropRF,Pseudolmedia laevis,1.32,0.0110000012864875,0.035502,0.077532,528.827092,26.9718017578125,1693.0
-11.0,-66.0,TropRF,Pseudolmedia laevis,1.81,0.0087999975567182,0.040425,0.071415,440.160491,26.9718017578125,1693.0
-11.0,-66.0,TropRF,Brosimum lactescens,0.19,0.0019999991553359,0.00045725,0.00108725,197.154738,26.9718017578125,1693.0
-11.0,-66.0,TropRF,Brosimum lactescens,0.65,0.0056000015456052,0.010228,0.016238,794.64039,26.9718017578125,1693.0
-11.0,-66.0,TropRF,Brosimum lactescens,1.38,0.012400009158902,0.070562,0.092802,598.798977,26.9718017578125,1693.0
-11.0,-66.0,TropRF,Brosimum lactescens,1.6,0.0132000108037046,0.090343,0.115923,554.719795,26.9718017578125,1693.0
-11.0,-66.0,TropRF,Brosimum lactescens,1.69,0.0147000134630489,0.1007,0.12436,713.865575,26.9718017578125,1693.0
-11.0,-66.0,TropRF,Brosimum lactescens,1.05,0.0099000016722788,0.032041,0.064421,680.85154,26.9718017578125,1693.0
-11.0,-66.0,TropRF,Brosimum lactescens,2.5,0.0173000067590893,0.194308,0.270868,666.244866,26.9718017578125,1693.0
-11.0,-66.0,TropRF,Brosimum lactescens,0.55,0.007600000174414,0.01521,0.01863,705.954336,26.9718017578125,1693.0
-11.0,-66.0,TropRF,Combretum gracilis,0.44,0.0068999993948096,0.00438,0.00833,418.050564,26.9718017578125,1693.0
-11.0,-66.0,TropRF,Combretum gracilis,0.67,0.0104000021208577,0.009469,0.024089,465.652768,26.9718017578125,1693.0
-11.0,-66.0,TropRF,Combretum gracilis,2.68,0.0063999991273574,0.034253,0.046393,628.976739,26.9718017578125,1693.0
-11.0,-66.0,TropRF,Combretum gracilis,2.45,0.0061999994454222,0.0231555,0.0389355,617.626533,26.9718017578125,1693.0
-11.0,-66.0,TropRF,Combretum gracilis,0.4,0.0063999991273574,0.002747,0.008187,755.908744,26.9718017578125,1693.0
-11.0,-66.0,TropRF,Combretum gracilis,2.51,0.0083000015741802,0.038618,0.070438,566.93109,26.9718017578125,1693.0
-11.0,-66.0,TropRF,Combretum gracilis,7.96,0.0199000151417229,0.659974,0.853564,610.525599,26.9718017578125,1693.0
-11.0,-66.0,TropRF,Combretum gracilis,4.48,0.0142000140922683,0.31363652,0.37823652,662.218705,26.9718017578125,1693.0
-11.0,-66.0,TropRF,Combretum gracilis,4.97,0.0167000116730136,0.293203,0.403073,618.414244,26.9718017578125,1693.0
-11.0,-66.0,TropRF,Combretum gracilis,6.0,0.007600000174414,0.0974745,0.1150145,753.308501,26.9718017578125,1693.0
-11.0,-66.0,TropRF,Adenocalymma impressum,0.82,0.0068999993948096,0.018668,0.028638,511.814723,26.9718017578125,1693.0
-11.0,-66.0,TropRF,Adenocalymma impressum,0.63,0.0045999965210806,0.005211,0.010251,523.243681,26.9718017578125,1693.0
-11.0,-66.0,TropRF,Adenocalymma impressum,0.74,0.003799991710622,0.006005,0.010405,559.267339,26.9718017578125,1693.0
-11.0,-66.0,TropRF,Adenocalymma impressum,1.35,0.0058999989136605,0.011127,0.016797,625.891311,26.9718017578125,1693.0
-11.0,-66.0,TropRF,Adenocalymma impressum,1.04,0.007600000174414,0.015881,0.020991,486.213619,26.9718017578125,1693.0
-11.0,-66.0,TropRF,Adenocalymma impressum,6.44,0.0110999995576812,0.080867,0.114477,452.774294,26.9718017578125,1693.0
-11.0,-66.0,TropRF,Adenocalymma impressum,3.0,0.0135999885641512,0.013754,0.025174,371.489206,26.9718017578125,1693.0
-11.0,-66.0,TropRF,Adenocalymma impressum,3.6,0.0058000006347877,0.028052,0.039392,496.163878,26.9718017578125,1693.0
-11.0,-66.0,TropRF,Adenocalymma impressum,2.3,0.0073000027795468,0.139564,0.215944,487.922098,26.9718017578125,1693.0
-11.0,-66.0,TropRF,Adenocalymma impressum,3.2,0.0137999895632418,0.0614005,0.0885205,495.12993,26.9718017578125,1693.0
-11.0,-66.0,TropRF,Adenocalymma impressum,5.29,0.010699997874322,0.256246,0.432816,415.6727,26.9718017578125,1693.0
-11.0,-66.0,TropRF,Adenocalymma impressum,3.38,0.0089000008209739,0.0499606,0.0816806,523.090648,26.9718017578125,1693.0
-11.0,-66.0,TropRF,Adenocalymma impressum,1.45,0.010699997874322,0.033525,0.049895,510.41711,26.9718017578125,1693.0
-11.0,-66.0,TropRF,Adenocalymma impressum,1.45,0.0096000003489002,0.043531,0.056731,580.547086,26.9718017578125,1693.0
-11.0,-66.0,TropRF,Uncaria guianensis,7.26,0.0216999958586787,1.079832,1.415532,455.138702,26.9718017578125,1693.0
-11.0,-66.0,TropRF,Uncaria guianensis,0.83,0.0085999964345676,0.012868,0.015638,283.597322,26.9718017578125,1693.0
-11.0,-66.0,TropRF,Uncaria guianensis,3.6,0.0109000025819163,0.2332582,0.3222282,541.677841,26.9718017578125,1693.0
-11.0,-66.0,TropRF,Uncaria guianensis,0.58,0.0057000015269062,0.00181,0.00428,356.613174,26.9718017578125,1693.0
-11.0,-66.0,TropRF,Uncaria guianensis,2.3,0.0155999797161218,0.159376,0.240476,439.07129,26.9718017578125,1693.0
-11.0,-66.0,TropRF,Uncaria guianensis,1.26,0.0097999974267116,0.034121,0.051781,408.392326,26.9718017578125,1693.0
-11.0,-66.0,TropRF,Uncaria guianensis,2.42,0.0084000004237065,0.039225,0.067935,403.474453,26.9718017578125,1693.0
-11.0,-66.0,TropRF,Uncaria guianensis,1.45,0.009500001055675,0.029584,0.049334,440.446643,26.9718017578125,1693.0
-11.0,-66.0,TropRF,Uncaria guianensis,7.28,0.0448000066807383,3.079292673,3.826312673,502.236873,26.9718017578125,1693.0
-11.0,-66.0,TropRF,Uncaria guianensis,3.34,0.0164000120325993,0.23258625,0.31520625,501.036405,26.9718017578125,1693.0
-11.0,-66.0,TropRF,Uncaria guianensis,3.0,0.0143999927866499,0.068084,0.125884,405.87069,26.9718017578125,1693.0
-11.0,-66.0,TropRF,Uncaria guianensis,1.63,0.0120999923656627,0.068394,0.085714,530.731612,26.9718017578125,1693.0
-11.0,-66.0,TropRF,Uncaria guianensis,2.5,0.0118000086174838,0.085166,0.121546,519.753994,26.9718017578125,1693.0
